name,email
Constantino,cspurryer0@istockphoto.com
Aurthur,aegarr1@state.tx.us
Justinn,jnoweak2@typepad.com
Leena,lcourcey3@noaa.gov
Kenna,kbarbey4@woothemes.com
Grace,gpeedell5@ucoz.ru
Sharon,sfacey6@earthlink.net
Mahala,mvoice7@google.com.au
Margaretta,mskin8@com.com
Wilbert,whatton9@china.com.cn
Shay,strevaina@livejournal.com
Pierette,peslandb@diigo.com
Carson,cwinsburyc@blogger.com
Regen,rjantond@google.es
Allsun,apettisalle@marketwatch.com
Gorden,gperettf@cyberchimps.com
Germaine,grahlg@nasa.gov
Rawley,rstpaulh@columbia.edu
Ernesta,eclementei@google.com.au
Donaugh,dstroyanj@home.pl
Merralee,mbruk@berkeley.edu
Cynthie,crudgel@com.com
Lissy,lcavozzim@slate.com
Alla,abovisn@reddit.com
Mariette,mrapsono@cargocollective.com
